rental_id,predictions
7455565,6603.591459074733
7473295,5578.808411214954
7459804,6195.6448703494925
7456330,4884.3572433192685
7443595,8132.366141732284
