rental_id,predictions
7455565,3666.6444256392206
7473295,2147.4709628061787
7459804,2982.258953218739
7456330,2603.8672440230116
7443595,2440.5688494742026
