rental_id,predictions
7455565,3044.0830829068673
7473295,171.4457463337576
7459804,3139.385960711471
7456330,1402.140560731511
7443595,1685.0499400112449
