rental_id,predictions
7455565,3804.601519930766
7473295,2030.6848981410744
7459804,3464.683333333333
7456330,2330.1810994582097
7443595,2694.1
